SourceFile,Title,Artist,Model,ImageHeight,ImageWidth
Plants/1cottonbro grass.jpg,cottonbro grass.jpg,plantscttonbro,grass,4024,2688
Plants/2diana water.jpg,diana water.jpg,plantsdiana,water,4032,3024
Plants/3Jill burrow water.jpg,Jill burrow water.jpg,jillpalk,water,6720,4480
Plants/3pexels-karolina-grabowska-food.jpg,pexels-karolina-grabowska-food.jpg,fdfdei,food,3648,5472
Plants/3plantMainTemporary.png,plantMainTemporary.png,dio,plants,667,1000
Plants/4OrigamiMainTest.jpg,OrigamiMainTest.jpg,oriplants,origami,1440,2160
Plants/4pexels-aysenaz-bilgin-images.jpg,pexels-aysenaz-bilgin-images.jpg,dfiojiodfjioj,images,4096,2730
Plants/54pexels-rdne-images.jpg,pexels-rdne-images.jpg,eio,images,4313,6469
Plants/54pexels-torie-roman-sand.jpg,pexels-torie-roman-sand.jpg,fio,sand,3398,2717
Plants/55gfg.jpg,pexels-annushka-ahuja-images.jpg,dfidfoidf,images,6000,4000
Plants/5pexels-beyzaa-yurtkuran-caat.jpg,pexels-beyzaa-yurtkuran-caat.jpg,ie0oj,cat,6000,4000
Plants/5pexels-brettjordan- wood.jpg,pexels-brettjordan- wood.jpg,jfeiowj,wood,3888,5184
Plants/5pexels-ericbvd-water.jpg,pexels-ericbvd-water.jpg,eifojeiojf water,water,2120,2826
Plants/5pexels-hubiita-cards.jpg,pexels-hubiita-cards.jpg,feiojfeji,cards,3139,2736
Plants/5pexels-karolina-grabowska-candy.jpg,pexels-karolina-grabowska-candy.jpg,efd,candy,5930,3953
Plants/5pexels-octavian-cards.jpg,pexels-octavian-cards.jpg,eoifj,cards,3216,2136
Plants/5pexels-shkrabaanthony-food.jpg,pexels-shkrabaanthony-food.jpg,jioef,food,6000,4000
Plants/5pexels-thngocbich-camera.jpg,pexels-thngocbich-camera.jpg,oief,camera,2725,4096
Plants/5poliromaa grass.jpg,poliromaa grass.jpg,oief,grass,3637,2433
Plants/65pexels-shkrabaanthony-animal.jpg,pexels-shkrabaanthony-animal.jpg,dfioj,animal,6000,4000
Plants/image-1.jpg,,,,1080,1920
Plants/image-10.jpg,,,,1080,1920
Plants/image-11.jpg,,,,1080,1920
Plants/image-12.jpg,,,,1080,1920
Plants/image-13.jpg,,,,1080,1920
Plants/image-14.jpg,,,,1080,1920
Plants/image-15.jpg,,,,1080,1920
Plants/image-16.jpg,,,,1080,1920
Plants/image-17.jpg,,,,1080,1920
Plants/image-18.jpg,,,,1080,1920
Plants/image-19.jpg,,,,1080,1920
Plants/image-2.jpg,,,,1080,1920
Plants/image-3.jpg,,,,1080,1920
Plants/image-4.jpg,,,,1080,1920
Plants/image-5.jpg,,,,1080,1920
Plants/image-6.jpg,,,,1080,1920
Plants/image-7.jpg,,,,1080,1920
Plants/image-8.jpg,,,,1080,1920
Plants/image-9.jpg,,,,1080,1920
